timestamp,simple-path,time
2021-09-05 10:02:59.024,/master/welcome,4490
2021-09-05 10:02:59.322,/master/welcome,253
2021-09-05 10:03:01.138,/master/sign-in,1693
2021-09-05 10:03:02.418,/master/welcome,594
2021-09-05 10:03:04.586,/master/welcome,173
2021-09-05 10:03:05.288,/master/welcome,593
2021-09-05 10:03:05.693,/master/welcome,259
2021-09-05 10:03:06.015,/master/welcome,260
2021-09-05 10:03:06.712,/master/sign-in,589
2021-09-05 10:03:08.028,/master/welcome,596
2021-09-05 10:03:09.41,/administrator/dashboard/show,1161
2021-09-05 10:03:10.856,/master/welcome,317
2021-09-05 10:03:11.576,/master/welcome,595
2021-09-05 10:03:18.468,/master/welcome,332
2021-09-05 10:03:18.762,/master/welcome,264
2021-09-05 10:03:19.475,/master/sign-in,588
2021-09-05 10:03:20.744,/master/welcome,597
2021-09-05 10:03:22.383,/master/welcome,238
2021-09-05 10:03:23.068,/master/welcome,579
2021-09-05 10:03:23.351,/master/welcome,204
2021-09-05 10:03:24.664,/anonymous/shout/list,1143
2021-09-05 10:03:28.193,/master/welcome,172
2021-09-05 10:03:28.956,/anonymous/shout/list,592
2021-09-05 10:03:32.399,/master/welcome,158
2021-09-05 10:03:33.164,/anonymous/shout/list,593
2021-09-05 10:03:36.578,/master/welcome,158
2021-09-05 10:03:37.342,/anonymous/shout/list,594
2021-09-05 10:03:40.786,/master/welcome,156
2021-09-05 10:03:41.554,/anonymous/shout/list,594
2021-09-05 10:03:44.979,/master/welcome,155
2021-09-05 10:03:45.743,/anonymous/shout/list,591
2021-09-05 10:03:49.149,/master/welcome,155
2021-09-05 10:03:49.915,/anonymous/shout/list,591
2021-09-05 10:03:55.788,/master/welcome,184
2021-09-05 10:03:55.973,/master/welcome,155
2021-09-05 10:03:56.676,/master/sign-in,593
2021-09-05 10:03:57.941,/master/welcome,592
2021-09-05 10:03:58.972,/master/welcome,170
2021-09-05 10:03:59.672,/master/welcome,589
2021-09-05 10:03:59.89,/master/welcome,140
2021-09-05 10:04:00.106,/master/welcome,158
2021-09-05 10:04:00.87,/anonymous/shout/create,594
2021-09-05 10:04:02.635,/master/welcome,594
2021-09-05 10:04:03.442,/anonymous/shout/list,596
2021-09-05 10:04:06.556,/master/welcome,157
2021-09-05 10:04:06.758,/master/welcome,174
2021-09-05 10:04:07.539,/anonymous/shout/create,596
2021-09-05 10:04:09.059,/master/welcome,591
2021-09-05 10:04:09.856,/anonymous/shout/list,592
2021-09-05 10:04:12.093,/master/welcome,156
2021-09-05 10:04:12.264,/master/welcome,139
2021-09-05 10:04:13.026,/anonymous/shout/create,593
2021-09-05 10:04:14.592,/master/welcome,595
2021-09-05 10:04:15.385,/anonymous/shout/list,590
2021-09-05 10:04:19.889,/master/welcome,155
2021-09-05 10:04:20.06,/master/welcome,141
2021-09-05 10:04:20.826,/anonymous/shout/create,595
2021-09-05 10:04:22.602,/master/welcome,595
2021-09-05 10:04:23.385,/anonymous/shout/list,581
2021-09-05 10:04:27.903,/master/welcome,155
2021-09-05 10:04:28.088,/master/welcome,138
2021-09-05 10:04:28.274,/master/welcome,139
2021-09-05 10:04:28.464,/master/welcome,143
2021-09-05 10:04:28.669,/master/welcome,159
